{"epoch": 29, "loss": 0.22006601095199585, "gpu_usage_gb": 0.0, "fold": 1, "_timestamp": 1725288873.055545, "_runtime": 1240.4292261600494, "_step": 59, "time": 1242.5898895410064, "accuracy": 0.40468227424749165, "precision": 0.4046822737963408, "recall": 0.9999999972451791, "sensitivity": 0.9999999972451791, "specificity": 0.0, "MCC": NaN, "F1_score": 0.5761904757331822, "ROC_AUC": 0.49074246035430913, "AUC": 0.49074246035430913, "Q9": 0.2928932188134524, "PPV": 0.4046822737963408, "NPV": 0.0, "TP": 363, "FP": 534, "TN": 0, "FN": 0, "_wandb": {"runtime": 1241}}