{"epoch": 25, "loss": 0.24011355638504028, "gpu_usage_gb": 0.0, "fold": 2, "_timestamp": 1725289913.995789, "_runtime": 1030.5252721309662, "_step": 50, "time": 1030.1301357079938, "accuracy": 0.6331828442437923, "precision": 0.0, "recall": 0.0, "sensitivity": 0.0, "specificity": 0.9999999982174688, "MCC": NaN, "F1_score": 0.0, "ROC_AUC": 0.5325709584533114, "AUC": 0.5325709584533114, "Q9": 0.2928932188134524, "PPV": 0.0, "NPV": 0.633182843529139, "TP": 0, "FP": 0, "TN": 561, "FN": 325}