{"epoch": 15, "loss": 0.2211919988439531, "gpu_usage_gb": 0.0, "fold": 2, "_timestamp": 1725333364.872051, "_runtime": 12367.04952096939, "_step": 31, "time": 8313.785074291984, "accuracy": 0.8509454949944383, "precision": 0.8631921795987225, "recall": 0.7422969166882439, "sensitivity": 0.7422969166882439, "specificity": 0.9225092233902044, "MCC": 0.6859599098312033, "F1_score": 0.7981927698822399, "ROC_AUC": 0.9298143611688219, "AUC": 0.9298143611688219, "Q9": 0.8097163981414526, "PPV": 0.8631921795987225, "NPV": 0.8445945931679145, "TP": 265, "FP": 42, "TN": 500, "FN": 92}