{"epoch": 13, "loss": 0.24497829783441125, "gpu_usage_gb": 0.0, "fold": 2, "_timestamp": 1725331853.18242, "_runtime": 10855.35988998413, "_step": 27, "time": 7225.104315124976, "accuracy": 0.8491620111731844, "precision": 0.8338278907008074, "recall": 0.7805555533873457, "sensitivity": 0.7805555533873457, "specificity": 0.8953271011302297, "MCC": 0.6840177868651884, "F1_score": 0.8063127678532098, "ROC_AUC": 0.9207502596053997, "AUC": 0.9207502596053997, "Q9": 0.8280810080226881, "PPV": 0.8338278907008074, "NPV": 0.858422937529708, "TP": 281, "FP": 56, "TN": 479, "FN": 79}