{"epoch": 18, "loss": 0.24963576002332344, "gpu_usage_gb": 0.0, "fold": 1, "_timestamp": 1725298138.3598568, "_runtime": 8141.401971817017, "_step": 37, "time": 8143.801576665981, "accuracy": 0.8406779661016949, "precision": 0.767999997952, "recall": 0.8421052606955987, "sensitivity": 0.8421052606955987, "specificity": 0.8397790039783075, "MCC": 0.6719282755969223, "F1_score": 0.8033472792142995, "ROC_AUC": 0.9087482364597805, "AUC": 0.9087482364597805, "Q9": 0.8409378816420454, "PPV": 0.767999997952, "NPV": 0.8941176453056516, "TP": 288, "FP": 87, "TN": 456, "FN": 54}