{"epoch": 29, "loss": 0.5477651938050986, "gpu_usage_gb": 0.0, "fold": 1, "_timestamp": 1725183217.4015412, "_runtime": 1499.936671257019, "_step": 33, "_wandb": {"runtime": 1508}}